salarys	90 - 38969	1
		
days	avg	3.0
days	max	3.0
days	min	3.0
 		
experience	noExperience	1
  		
employment	full	1
   		
schedule	remote	1
    		
skills	игровая индустрия	1
skills	игры	1
skills	Customer Service	1
skills	service provider	1
skills	Boost	1
skills	booster	1
skills	игрок	1
skills	геймер	1
skills	gamer	1
skills	game	1
skills	player	1
skills	компьютерные игры	1
skills	киберспорт	1
skills	гейминг	1
skills	world of warcraft	1
skills	wow	1
skills	wow: classic	1
skills	wow: bfa	1
skills	mmorpg	1
     		
