vacancies_name	программист1с	19
vacancies_name	системныйадминистратор	18
vacancies_name	интернет-маркетолог	11
vacancies_name	java-разработчик	10
vacancies_name	seo-специалист	8
vacancies_name	менеджерпопродажам	8
vacancies_name	projectmanager	6
vacancies_name	специалисттехническойподдержки	6
vacancies_name	системныйаналитик	6
vacancies_name	frontend-разработчик	6
vacancies_name	техническийписатель	5
vacancies_name	datascientist	5
vacancies_name	qaengineer	5
vacancies_name	инженертехническойподдержки	5
vacancies_name	региональныйменеджерпопродажам	5
vacancies_name	инженерпотестированию	4
vacancies_name	бизнес-аналитик	4
vacancies_name	web-программист	4
vacancies_name	seniorjavadeveloper	4
vacancies_name	productmanager	3
vacancies_name	ведущийпрограммист1с	3
vacancies_name	инженерасутп	3
vacancies_name	программист1c	3
vacancies_name	графическийдизайнер	3
vacancies_name	программист	3
vacancies_name	контент-менеджер	3
vacancies_name	тестировщикпрограммногообеспечения	3
vacancies_name	php-разработчик	3
vacancies_name	сервисныйинженер	3
vacancies_name	менеджерit-проектов	3
vacancies_name	javadeveloper	3
vacancies_name	html-верстальщик	2
vacancies_name	dataanalyst	2
vacancies_name	инженерпотестированиюqaengineer	2
vacancies_name	операторстанковсчпу	2
vacancies_name	инженерэлектросвязи	2
vacancies_name	инженер-программист	2
vacancies_name	backendразработчик	2
vacancies_name	linuxsystemadministrator	2
vacancies_name	frontend-разработчик(angular)	2
vacancies_name	специалистслужбыподдержкипользователейипартнероввдзен	2
vacancies_name	seniorandroiddeveloper	2
vacancies_name	инженер-программистасутп	2
vacancies_name	специалистповнедрениюинформационныхсистем	2
vacancies_name	менеджеротделапродаж	2
vacancies_name	консультант1c	2
vacancies_name	smm-менеджер	2
vacancies_name	менеджерпосопровождениюклиентов	2
vacancies_name	техник-электрик	2
vacancies_name	инженерпонагрузочномутестированию	2
vacancies_name	devopsинженер	2
vacancies_name	маркетолог	2
vacancies_name	руководительпроектов	2
vacancies_name	электромеханиксвязи	2
vacancies_name	руководительпроекта	2
vacancies_name	инженерсвязи	2
vacancies_name	монтажникслаботочныхсистем	2
vacancies_name	qaautomationengineer	2
vacancies_name	аналитик1с	2
vacancies_name	тестировщикпо	2
vacancies_name	системныйадминистраторlinux	2
vacancies_name	программистс++	2
vacancies_name	программистc#	2
vacancies_name	productowner	2
vacancies_name	.netsoftwareengineer	1
vacancies_name	officemanager(офис-менеджер)	1
vacancies_name	seniordesignerведущийдизайнер	1
vacancies_name	аккаунт-менеджер	1
vacancies_name	старшийспециалистпоарендепозиций	1
vacancies_name	разработчикbitrix24(backend)	1
vacancies_name	c++softwaredeveloper	1
vacancies_name	менеджерпоразвитиюбизнеса	1
vacancies_name	react-разработчик	1
vacancies_name	projectmanager(мобильныеприложения)	1
vacancies_name	программистподandroid	1
vacancies_name	трафик-менеджер(fbgoogle)	1
vacancies_name	copywriter	1
vacancies_name	менеджерпопродажам(входящиезвонкииписьма)	1
vacancies_name	ведущийразработчикmicrosoftdynamics365fo	1
vacancies_name	deliverymanagertechnicalprojectmanager	1
vacancies_name	специалистпоseoиинтернет-рекламе(интернет-торговля)	1
vacancies_name	email-маркетолог	1
vacancies_name	менеджерпопродукту	1
vacancies_name	php-разработчик(junior)	1
vacancies_name	менеджерпопродажамгосударственнымклиентам	1
vacancies_name	deliverymanager	1
vacancies_name	smm-специалист	1
vacancies_name	android-разработчик	1
vacancies_name	ведущийменеджерпопродажам(страныснг)	1
vacancies_name	менеджеротделапродаж(входящийпоток)	1
vacancies_name	специалистотделаподдержкипользователей	1
vacancies_name	грузчик	1
vacancies_name	инженерпоавтоматике[id13506]	1
vacancies_name	программистведущийпрограммист1с(москва)	1
vacancies_name	ведущийменеджерпоразвитиюбизнеса(российскаяitкомпания)	1
vacancies_name	менеджерпоуправлениювзаимоотношениямисбизнес-партнерами	1
vacancies_name	инженерслужбытехническойподдержки	1
vacancies_name	специалистпотестированию	1
vacancies_name	специалистподдержкипользователейсознаниеминдонезийскогоязыка	1
vacancies_name	javaразработчик(full-stack)	1
vacancies_name	операторcall-центра(входящиезвонки)	1
vacancies_name	seniorreact.jsengineer,bankingapp	1
vacancies_name	педагогдополнительногообразованияаэроквантум	1
vacancies_name	менеджерпоработесклиентамивнедвижимости	1
vacancies_name	senioritprojectmanager	1
vacancies_name	старшийинженерпоанализурадиосети	1
vacancies_name	консультантsapewm	1
vacancies_name	marketingprojectmanager	1
vacancies_name	ведущийспециалистпозакупкам	1
vacancies_name	младшийбизнесаналитик	1
vacancies_name	разработчикsapui5	1
vacancies_name	developerjava	1
vacancies_name	консультант1сзуп[id16087]	1
vacancies_name	аккаунтменеджер(информационнаябезопасность)	1
vacancies_name	scaladeveloper(analytics)	1
vacancies_name	ведущийинженерпонагрузочномутестированию	1
vacancies_name	программистбазданных(php,sql)	1
vacancies_name	full-stackdeveloper(node.js,react.js)	1
vacancies_name	специалисттендерногоотдела	1
vacancies_name	методологпроектногоуправления(it-проекты)	1
vacancies_name	менеджерпопродажампвх-окон	1
vacancies_name	руководительинфраструктурныхпроектов	1
vacancies_name	специалистпоподдержкебанковскихсистем	1
vacancies_name	seniordataengineerbideveloper	1
vacancies_name	смм-координатор	1
vacancies_name	seniorgraphicdesigner	1
vacancies_name	бизнес-аналитиквотделсопровожденияпродуктаnaumenservicedesk(г.екатеринбург)	1
vacancies_name	менеджерпорефакторингубизнес-процессов	1
vacancies_name	монтажниктехникпоподключению	1
vacancies_name	копирайтерseo-специалист	1
vacancies_name	специалистпотарификации	1
vacancies_name	специалисттехнологическойподдержки	1
vacancies_name	менеджерпопродажам(офисныеперегородки)	1
vacancies_name	программистбитрикс24	1
vacancies_name	infrastructureengineer	1
vacancies_name	программист-разработчикпроектоввсферекомпьютерногозренияpythonис++	1
vacancies_name	devops	1
vacancies_name	директорпомаркетингу	1
vacancies_name	консультант-стажерпопродуктамibmanalytics	1
vacancies_name	главныйспециалистотделапоуправлениюобслуживанием[id16891]	1
vacancies_name	rubydeveloper	1
vacancies_name	скрам-мастер(scrum-master)	1
vacancies_name	учительинформатики(игровоепрограммированиевеб-дизайн)	1
vacancies_name	главныйспециалистпокалендарно-сетевомупланированию[id11831]	1
vacancies_name	uxuidesigner	1
vacancies_name	менеджерпопроектнымпродажам(асутп)	1
vacancies_name	менеджеринтернет-проекта	1
vacancies_name	разработчик1спрограммист1с(эксплуатация,производительность1с)	1
vacancies_name	salesassistant(remote)	1
vacancies_name	продуктовыйаналитик	1
vacancies_name	разработчикruby	1
vacancies_name	руководителькомандытестированияqalead	1
vacancies_name	программистс++(junior)	1
vacancies_name	методологitsm	1
vacancies_name	инженерпопресейлу	1
vacancies_name	ведущийинженерпрограммист(отделпроектированиясистемдиагностикитэс)	1
vacancies_name	аналитикотделапродаж	1
vacancies_name	старшийспециалистпоконтролюкачествафиксированнойсвязи	1
vacancies_name	2d-художник	1
vacancies_name	devopsразработчик	1
vacancies_name	projectmanagerруководительпроектов	1
vacancies_name	itдиректор(cio)	1
vacancies_name	старшийспециалистпопоискуиарендетехнологическихпозиций	1
vacancies_name	инженерпообслуживаниюсетей	1
vacancies_name	инженерпотестированиюsoftwaretester	1
vacancies_name	программист1сerp	1
vacancies_name	консультантsap(модульмм)	1
vacancies_name	qaengineer.website	1
vacancies_name	руководительгруппыподдержкибизнес-приложений	1
vacancies_name	аналитик1с[id11976]	1
vacancies_name	менеджерпоразвитиюкрупныхкорпоративныхклиентов	1
vacancies_name	архитектор(технологииmicrosoft)	1
vacancies_name	sreteammanager	1
vacancies_name	seniorjavawebdeveloper	1
vacancies_name	инженер(департаментразработкииэксплуатациипрограммногообеспечения)	1
vacancies_name	программистabap(сознаниеманглийскогоязыка)	1
vacancies_name	.netengineer(dentalscannersolutions)	1
vacancies_name	разработчикjava(fullstack)	1
vacancies_name	аналитикбизнес-процессов[id16004]	1
vacancies_name	старшийфинансовыйаналитик	1
vacancies_name	ithelpdeskadministrator	1
vacancies_name	руководительпроектапоработесакционернымиобществами	1
vacancies_name	fullstackfrontendreact.jsdeveloper	1
vacancies_name	seniorprojectmanager	1
vacancies_name	руководительитпроектаprojectmanager	1
vacancies_name	uxuiдизайнер	1
vacancies_name	инженерпоинформационнойбезопасности	1
vacancies_name	"продавец-консультантвсалонсвязи""теле2""(м.автово)"	1
vacancies_name	разработчикruby-on-rails	1
vacancies_name	machinelearningdeeplearningengineer	1
vacancies_name	помощниксистемногоадминистратора	1
vacancies_name	руководительконтакт-центра(call-центра)клиники	1
vacancies_name	разработчикdelphi(junior)	1
vacancies_name	sapui5developer	1
vacancies_name	инженер-программистлогическихконтроллеров	1
vacancies_name	javadeveloperвкомандуинтеграции	1
vacancies_name	fullstackdeveloper(c#,angular)	1
vacancies_name	инженерпослаботочнымсистемам	1
vacancies_name	менеджертендерногоотдела	1
vacancies_name	продавец-консультантвсалонсвязи	1
vacancies_name	специалистсопровождениятехнологиионлайн-продаж	1
vacancies_name	ведущийадминистраторlinux[id16043]	1
vacancies_name	заместительуправляющегоруководительотделапрямыхпродаж	1
vacancies_name	системныйадминистраторlinux(sre,analytics)	1
vacancies_name	uiдизайнер	1
vacancies_name	инженерпостроительству	1
vacancies_name	mediabuyer(facebook)	1
vacancies_name	juniorweb-дизайнер	1
vacancies_name	администраторпроектов(сфераит)[id16912]	1
vacancies_name	ios-разработчик	1
vacancies_name	seniorfrontend-разработчик(reactjs,angularjs,vue.js)	1
vacancies_name	middletestengineerqaengineer	1
vacancies_name	customersuccessanalystcustdev(remote)	1
vacancies_name	инженергруппыучетаисопровождениятехническихсредств	1
vacancies_name	iosразработчик	1
vacancies_name	тренервотделпродаж	1
vacancies_name	старшийменеджер(руководитель)поразвитиюисопровождениюгосударственныхклиентов	1
vacancies_name	аналитик(сапр)	1
vacancies_name	pr-менеджерменеджерпроектазаместительдиректорапоразвитию	1
vacancies_name	менеджервнутреннихсервисов	1
vacancies_name	менеджерпроектов(письменныепереводы)	1
vacancies_name	инженерпоавтоматизациитестирования	1
vacancies_name	дизайнермобильногоприложения	1
vacancies_name	специалистотделатехподдержкисознаниемкитайскогоязыка	1
vacancies_name	businessanalyst	1
vacancies_name	монтажниксистемвн,опс,скс	1
vacancies_name	руководительitпроектов[id11472]	1
vacancies_name	webdeveloper	1
vacancies_name	специалистпоподдержке1c	1
vacancies_name	инженерпообслуживаниюсетейбезопасности	1
vacancies_name	инженерпосопровождениютерминалов(г.санкт-петербург)	1
vacancies_name	projectmanagerменеджерпроектов	1
vacancies_name	fullstackdeveloper(pythondjangovue)	1
vacancies_name	менеджерпоразвитиюобъектовкоммерческойнедвижимости	1
vacancies_name	devopsengineer(analytics)	1
vacancies_name	промодизайнер	1
vacancies_name	gamedesigner	1
vacancies_name	seniorjavaразработчик	1
vacancies_name	engagementmanagementsupportgroup–juniorspecialist	1
vacancies_name	руководительотделадизайна	1
vacancies_name	менеджерпродуктаproductowner(it)	1
vacancies_name	pythonseniordeveloper	1
vacancies_name	аналитик1с(1с:erp)	1
vacancies_name	ассистентгруппысопровождениябизнеса	1
vacancies_name	seniorscaladeveloper	1
vacancies_name	golangbackenddeveloper	1
vacancies_name	консультантbidwh	1
vacancies_name	интернет-маркетолог(контекстнаяреклама)	1
vacancies_name	администраторбдpostgresql	1
vacancies_name	менеджерпопродажамкрупнымкорпоративнымклиентам(b2b)	1
vacancies_name	аналитикинформационныхсистем	1
vacancies_name	разработчикфронт-ендfront-endjavascriptangular	1
vacancies_name	системныйаналитик[id13919]	1
vacancies_name	инженер-программистотделасопровождениясистемэлектронноговзаимодействия	1
vacancies_name	juniordevopsengineer	1
vacancies_name	монтажникслаботочныхсистемсервисныймастер	1
vacancies_name	javaeedeveloper	1
vacancies_name	менеджерпоработесклиентами	1
vacancies_name	пресейл-инженер(lenovo)	1
vacancies_name	itрекрутерспециалистпоподборуперсонала	1
vacancies_name	старшийинженерпосетевымтехнологиямвцентробработкиданных	1
vacancies_name	разработчикjavascript	1
vacancies_name	руководительпопродажамконвергентныхпродуктов	1
vacancies_name	itрекрутервultimateguitar	1
vacancies_name	frontenddeveloper	1
vacancies_name	web-мастерадминистраторсайтов	1
vacancies_name	front-enddeveloper	1
vacancies_name	phpпрограммист(fullstackbackend)	1
vacancies_name	руководительотделаинформационныхтехнологий	1
vacancies_name	интернет-маркетологтаргетолог	1
vacancies_name	стажер-программистphp	1
vacancies_name	creativewebdesigner	1
vacancies_name	специалистпосопровождениюключевыхкорпоративныхклиентов	1
vacancies_name	ведущийuxui-дизайнерруководительпроектовuxui	1
vacancies_name	ведущийспециалист(скриптолог)	1
vacancies_name	руководительecommerce	1
vacancies_name	инсталлятор	1
vacancies_name	ведущийпрограммист(delphi)	1
vacancies_name	salesmanager	1
vacancies_name	менеджерпоработесрекламодателямиinternationalsalesmanager	1
vacancies_name	разработчикбд(postgresql)	1
vacancies_name	android-developer	1
vacancies_name	менеджерпроекта	1
vacancies_name	leadgodeveloper	1
vacancies_name	помощникseoоптимизатора	1
vacancies_name	менеджерпопродажамиработесклиентами(безпоиска)	1
vacancies_name	areaproductowner(apo)аналитикitsm	1
vacancies_name	seniorfullstack(react.js+node.js)developer,clinicalresearchsolutions	1
vacancies_name	директолог(помощниканалитикапоконтекстнойрекламе)	1
vacancies_name	technicalwriter	1
vacancies_name	специалистпоновымуслугамдлякорпоративногобизнеса	1
vacancies_name	менеджерпроектоввкомандуприкладныхисследованийвконтакте	1
vacancies_name	агент(пешеход)	1
vacancies_name	deploymentengineerdevops	1
vacancies_name	специалисттехническойподдержки(helpdesk)	1
vacancies_name	веб-дизайнерuiux	1
vacancies_name	androidразработчик	1
vacancies_name	программистс++вотделоблачнойинфраструктурыпоискаяндекса	1
vacancies_name	webprojectmanager	1
vacancies_name	leadprojectmanager(крупнейшаяинтернет-платформа)	1
vacancies_name	интернет-маркетологменеджерпоинтернет-рекламе	1
vacancies_name	креатив-менеджер	1
vacancies_name	авторпотехнологическомуоборудованию	1
vacancies_name	руководительпроектавнедренияпо(телеком)	1
vacancies_name	разработчикsql	1
vacancies_name	техникподключения	1
vacancies_name	uiweb-дизайнер	1
vacancies_name	seniorfullstackjavaengineer	1
vacancies_name	менеджеротделатехническойподдержки	1
vacancies_name	руководительслужбымаркетинговыхкоммуникацийирекламногоконтента	1
vacancies_name	руководительitпроектов	1
vacancies_name	администраторit-проектов[7906]	1
vacancies_name	помощникбукмекеракиберспорта	1
vacancies_name	webandmobileqaengineer	1
vacancies_name	ведущийстаршийразработчикc++	1
vacancies_name	менеджерпопродажамв2в	1
vacancies_name	ведущийспециалист	1
vacancies_name	руководительпроекта(it)	1
vacancies_name	web-мастер	1
vacancies_name	outboundsalesrepresentative(remote)	1
vacancies_name	rubyразработчик	1
vacancies_name	руководительпомаркетингу(г.архангельск)	1
vacancies_name	middleseniordatascientist	1
vacancies_name	leadengineer(performanceteam)	1
vacancies_name	productmanager(e-com)	1
vacancies_name	разработчикинтерфейсов(буткемп)	1
vacancies_name	middleseniorпрограммист.net	1
vacancies_name	juniortester	1
vacancies_name	авторпопрограммированию	1
vacancies_name	ведущийинженер(секторалгоритмическогообеспечения)	1
vacancies_name	androiddeveloper	1
vacancies_name	специалистпоподборуперсоналаhr	1
vacancies_name	программистс++gui(qt)	1
vacancies_name	директорпоавтоматизациивнутреннихпроцессов	1
vacancies_name	начальникотделаконтроллингаибюджетирования(руководительпроектовпобюджетированию)	1
vacancies_name	performancetestingengineer(collaborationtool)	1
vacancies_name	инженерпоэксплуатациификсированныхрадиосетей	1
vacancies_name	разработчикqlikview[id10941]	1
vacancies_name	операторcall-центра	1
vacancies_name	веб-программистfrontend-разработчик	1
vacancies_name	datascientistmachinelearning	1
vacancies_name	старшийспециалистпоразвитиюисопровождениюгосударственныхклиентов	1
vacancies_name	менеджерпоработесключевымипартнерами	1
vacancies_name	специалистпозащитеинформации	1
vacancies_name	sapppqmconsultant	1
vacancies_name	категорийныйменеджерпозакупке(детскиетовары)	1
vacancies_name	руководительгруппысистемныхадминистраторов	1
vacancies_name	c#разработчик(высоконагруженныйсервермониторинга)	1
vacancies_name	руководительгруппыспециалистовпоуправлениютоварнымизапасами	1
vacancies_name	аналитик-экспертпооптимизационнымрешениям	1
vacancies_name	стажер-разработчикsap	1
vacancies_name	программистс#(junior)	1
vacancies_name	javaразработчик	1
vacancies_name	младшийсистемныйадминистратор	1
vacancies_name	awsdevopssrespecialist	1
vacancies_name	менеджерпопродажамhr-techпродуктов	1
vacancies_name	insidesalesassociatewithenglishlanguage	1
vacancies_name	backendразработчик(phpgodeveloper)	1
vacancies_name	техникпоподключениюмонтажникслаботочныхсистем	1
vacancies_name	разработчикбазданныхoracle	1
vacancies_name	авторпоинформационнымтехнологиям	1
vacancies_name	аналитикбизнес-процессовтехническийписатель	1
vacancies_name	seniordatascientist(производственнаякомпания)	1
vacancies_name	javascript(react)разработчик	1
vacancies_name	sapabapразработчик(wf)	1
vacancies_name	тестировщик	1
vacancies_name	менеджерпосопровождениюпродажновыхуслугкорпоративногобизнеса	1
vacancies_name	техническийписательаналитик	1
vacancies_name	помощникseo-специалиста	1
vacancies_name	руководительпроектов(r&d)	1
vacancies_name	seniordevopsengineer(collaborationtool)	1
vacancies_name	инженер-программист(java)	1
vacancies_name	datascientistотделааудитаинформационныхтехнологий	1
vacancies_name	руководительгруппыпланированияиконтролязакупок	1
vacancies_name	специалистпооплатесчетоваренды	1
vacancies_name	специалистпотестированию(ручноетестирование)	1
vacancies_name	middleseniorjavadeveloper	1
vacancies_name	специалистпообработкеконтента	1
vacancies_name	аналитикпокомпонентам	1
vacancies_name	инженер-тестировщик(нефтегазоваясфера)	1
vacancies_name	техническийписательitsm	1
vacancies_name	сотрудникcall-центра	1
vacancies_name	инженер-программистdeveloperqt(c++)	1
vacancies_name	старшийинженер-аналитикoss	1
vacancies_name	devopsengineer(contactcenterintegration)	1
vacancies_name	эксперт	1
vacancies_name	дизайнеруровней	1
vacancies_name	менеджерпопродажам(deliveryclub)	1
vacancies_name	middlerubydeveloper	1
vacancies_name	headofsupport	1
vacancies_name	front-endразработчик(javascript)	1
vacancies_name	программистс#	1
vacancies_name	seniordeliverymanager(saint-petersburg)	1
vacancies_name	специалистслужбытехническойподдержки	1
vacancies_name	редакторсайта	1
vacancies_name	руководительинтернет-портала	1
vacancies_name	руководительпроектовпоразвитиюагентскойсети	1
vacancies_name	ведущийинженер-программист	1
vacancies_name	менеджерпопродажамнателефоне	1
vacancies_name	java-разработчик(телефония)	1
vacancies_name	junioradmonetizationmanager	1
vacancies_name	инженерэлектросвязи(тюмень)	1
vacancies_name	bitrix,phpразработчик	1
vacancies_name	middlejavadeveloper	1
vacancies_name	руководительотделапродаж	1
vacancies_name	ведущийконтент-менеджер	1
vacancies_name	сeo-копирайтер	1
vacancies_name	keyaccountmanager(кам)менеджерпоработесклиентами(строительство)	1
vacancies_name	старший2dхудожник(gamedev)	1
vacancies_name	менеджерпопродажамоборудованияb2b	1
vacancies_name	директолог	1
vacancies_name	консультант(внедрениеисопровождениепо)	1
vacancies_name	frontend-разработчикreact	1
vacancies_name	oraclesqldeveloper	1
vacancies_name	разработчикdelphi	1
vacancies_name	разработчикpythonс++(sql)	1
vacancies_name	директорпопродуктамдиректордепартаментапродуктовогомаркетинга	1
vacancies_name	специалистит	1
vacancies_name	productmanager(iot)	1
vacancies_name	помощникруководителя	1
vacancies_name	frontend-разработчик(reactjs)	1
vacancies_name	devopsинженер(онлайн-проекты)	1
vacancies_name	ведущийспециалистпосистемамвидеонаблюдения[id20219]	1
vacancies_name	менеджерпроектовsmmменеджер	1
vacancies_name	middleseniordataanalyst	1
vacancies_name	seniorinsidesalesassociate,germany	1
vacancies_name	администраторинфраструктуры(devops)	1
vacancies_name	менеджерпопродажамкурьерскихуслуг	1
vacancies_name	ведущийруководительпроектов	1
vacancies_name	seniorrubyonrailsdeveloper	1
vacancies_name	консультант1с:зуп	1
vacancies_name	главныйспециалистповнедрениюсистемыавтоматизациикапитальногостроительства[17741]	1
vacancies_name	uiuxдизайнер	1
vacancies_name	главныймеханикпроизводственнойкомпании	1
vacancies_name	итспециалист	1
vacancies_name	специалистпотехническойподдержкеsap	1
vacancies_name	internqaautomationengineer	1
vacancies_name	leadqaautomationengineer	1
vacancies_name	insidesalesteamleader,channel(ach)	1
vacancies_name	разработчикjava	1
vacancies_name	диспетчермониторинга	1
vacancies_name	ведущийс++разработчик	1
vacancies_name	middleqa(тестировщик)	1
vacancies_name	сервисныйинженерпоремонтупечатногооборудования	1
vacancies_name	middleразработчик	1
vacancies_name	менеджеринтернет-проектов(web-разработка)	1
vacancies_name	стажер-разработчиктестов(java)	1
vacancies_name	младшийразработчик.netc#	1
vacancies_name	web-программист(вофис)	1
vacancies_name	авторпоинформатике	1
vacancies_name	fullstackangularphpdeveloper	1
vacancies_name	аналитикпоинформационнымсистемам	1
vacancies_name	javascriptразработчик	1
vacancies_name	productownere-commerceпроекта	1
vacancies_name	менеджерпродажвcall-центр(сознаниемиспанского)	1
vacancies_name	инженеротделателекоммуникаций	1
vacancies_name	старшийведущийразработчикc++	1
vacancies_name	java-программист	1
vacancies_name	seniordevopsengineer,mediadistributionplatform	1
vacancies_name	backenddeveloper(node.js)	1
vacancies_name	juniorproductmanager	1
vacancies_name	монтажникдрсволс	1
vacancies_name	pre-salemanager(итинфраструктура)	1
vacancies_name	программистс++(middle)	1
vacancies_name	webdesignlead	1
vacancies_name	smmконтент-менеджер	1
vacancies_name	руководительпопродажамклиентамкрупногобизнеса(г.екатеринбург)	1
vacancies_name	консультантпоработесонлайн-сервисами	1
vacancies_name	разработчикинтеграционныхрешений	1
vacancies_name	qaautomationengineer(c#)	1
vacancies_name	системныйадминистраторпонаправлениюunixlinux	1
vacancies_name	операторинтернет-магазина	1
vacancies_name	phpразработчик	1
vacancies_name	middlejavascriptengineer(communicationsservices)	1
vacancies_name	специалистподдержкипродаж	1
vacancies_name	авторпоинформационнымсистемамитехнологиям	1
vacancies_name	frontendразработчикhtmlверстальщик	1
vacancies_name	педагогдополнительногообразованияit-квантум	1
vacancies_name	программистsql	1
vacancies_name	инженер2-ойлиниигруппысистемногоадминистрирования	1
vacancies_name	помощникруководителяпроектовменеджерпроектов	1
vacancies_name	qualityassuranceengineerинженерпокачествуразработкипрограммногообеспечения	1
vacancies_name	аналитикэлектроннойкоммерцииsela	1
vacancies_name	seniorразработчик	1
vacancies_name	phpdeveloper	1
vacancies_name	инженер1-ойлиниитехническойподдержки	1
vacancies_name	ведущийинженер-программист(1с)	1
vacancies_name	техникинженеропс	1
vacancies_name	ведущийспециалистпоразвитиюкорпоративныхклиентов	1
vacancies_name	разработчик-исследовательdeeplearning	1
vacancies_name	itаналитик	1
vacancies_name	копирайтер	1
vacancies_name	операторстанковсчпу(лазернаярезка)	1
vacancies_name	javadeveloper(navyteam)	1
vacancies_name	dbamssql	1
vacancies_name	системныйадминистраторwindows	1
vacancies_name	дизайнеригровыхинтерфейсов(ui)	1
vacancies_name	менеджерпопродажамтехническихпроектов,санкт-петербург	1
vacancies_name	заместительначальникаотделаавтоматизациипроизводства	1
vacancies_name	специалистпоаренде,легализацииинормативномуобеспечениюобъектовсвязи	1
vacancies_name	creativeproducer(video)	1
vacancies_name	региональныйпредставитель(44223-фз)	1
vacancies_name	руководительгруппыразработкимобильныхприложений	1
vacancies_name	аккаунтменеджер(b2b,digital)	1
vacancies_name	менеджеркорпоративныхпродаж	1
vacancies_name	fullstackразработчикнаphpиpython	1
vacancies_name	менеджервеб-проектов	1
vacancies_name	serm&communitymanager(spanish)	1
vacancies_name	инженерасутпикипиа	1
vacancies_name	младшийweb-программист	1
vacancies_name	seniornode.jsdeveloper(back-end)	1
vacancies_name	androiddeveloper(java)	1
vacancies_name	специалистпозащитеинформации1категории	1
vacancies_name	ios-разработчик(командаэлектроннойкоммерции)	1
vacancies_name	оператор	1
vacancies_name	backjava-разработчикбанковскогопо	1
vacancies_name	assistantproductmanager	1
vacancies_name	специалистпоавтоматизации	1
vacancies_name	фронтендерфронт-эндразработчик	1
vacancies_name	менеджерпомаркетингуиpr	1
vacancies_name	стажерabap-разработчик	1
vacancies_name	специалисттехническойподдержкиис(2линия)	1
vacancies_name	авторпоматематическомумоделированию	1
vacancies_name	экспертпоновостройкам	1
vacancies_name	juniorpythondeveloper	1
vacancies_name	гейм-дизайнер	1
vacancies_name	hrmanagerhrgeneralist	1
vacancies_name	менеджерактивныхпродаж	1
vacancies_name	начальникотделаинформационнойбезопасности	1
vacancies_name	консультантповнедрениюисопровождениюинформационныхсистем(1с:8)	1
vacancies_name	sounddesigner	1
vacancies_name	менеджерпопродажамrockwellautomation	1
vacancies_name	ведущийменеджерпопродажампродуктовcloudiot(b2b)	1
vacancies_name	интернет-маркетолог(push)	1
vacancies_name	smmменеджеркопирайтер	1
vacancies_name	recruiter	1
vacancies_name	abap-разработчик	1
vacancies_name	архитекторпо	1
vacancies_name	middle+js(react)developerразработчик	1
vacancies_name	projectadministratorprojectmanager(customsoftwaredevelopmentonukmarket)	1
vacancies_name	бизнес-аналитикamocrmпомощникбизнес-аналитика	1
vacancies_name	руководительфриланснаправления	1
vacancies_name	стажер-тестировщик	1
vacancies_name	главныйразработчикс++	1
vacancies_name	uiuxdesigner(datagrip)	1
vacancies_name	менеджерit-проектов(projectmanagermiddle)	1
vacancies_name	keyaccountmanagerменеджерпоработесключевымиклиентами(e-commerce)	1
vacancies_name	senioriosdeveloper	1
vacancies_name	разработчикthree.js	1
vacancies_name	специалистпоинтернет-маркетингу	1
vacancies_name	старшийсистемныйадминистратор	1
vacancies_name	механикбоулинга	1
vacancies_name	программистjava(spring)	1
vacancies_name	инженерпотестированиюsoftwaretester(unix)	1
vacancies_name	аналитик	1
vacancies_name	дежурныйадминистратор	1
vacancies_name	сервис-инженер	1
vacancies_name	менеджерsmm-проектов	1
vacancies_name	разработчикjava(м.ладожская)	1
vacancies_name	customersuccessteamleader	1
vacancies_name	инженер-программистаовасутп	1
vacancies_name	delphiпрограммист	1
vacancies_name	консультантподдержкиsapfi-fm,sl	1
vacancies_name	разработчикangular	1
vacancies_name	программист1сунф	1
vacancies_name	главныйспециалистпоавтоматизациипроцессовохранытруда,промышленнойипожарнойбезопасности	1
vacancies_name	c#developer	1
vacancies_name	бизнес-архитекторпоhr-процессам	1
vacancies_name	devopsengineer	1
vacancies_name	менеджерпродукта(направление-медицинскиесистемы)	1
vacancies_name	разработчикios	1
vacancies_name	редактор(ux)	1
vacancies_name	руководительшколыпрограммирования	1
vacancies_name	младшийинженертехническойподдержки	1
vacancies_name	специалистотделатехподдержкисознаниемкорейскогоязыка	1
vacancies_name	mediabuyingmanager	1
vacancies_name	инженер-программистaxapta	1
vacancies_name	консультантвотделтехническогосопровожденияаис	1
vacancies_name	uiux-дизайнер	1
vacancies_name	middle+php(laravel)developerразработчик	1
vacancies_name	контекстологтаргетолог	1
vacancies_name	менеджерпроектов(projectmanager)	1
vacancies_name	ведущийразработчик1с	1
vacancies_name	администраторповнедрениюerpсистемы	1
vacancies_name	seniorbackenddataengineer	1
vacancies_name	консультантруководительпроектов(стратегическийконсалтинг)	1
vacancies_name	html-верстальщик(стажер)	1
vacancies_name	специалистпоанализуданных	1
vacancies_name	инженерпоавтоматизированномутестированию(c#)	1
vacancies_name	frontendразработчикreact	1
vacancies_name	аналитикsas	1
vacancies_name	авторпотелекоммуникационнымтехнологиям	1
vacancies_name	монтажер	1
vacancies_name	businessdevelopmentmanagersales	1
vacancies_name	инженер-монтажникслаботочныхсетей	1
vacancies_name	расклейщикобъявлений	1
vacancies_name	трафик-менеджер	1
vacancies_name	проектныйменеджер(департаментпоинновациям)	1
vacancies_name	uiartist	1
vacancies_name	3d-моделлер	1
vacancies_name	seniorfullstackразработчик(node.js)	1
vacancies_name	специалистпомониторингуиреагированиюнаинцидентыинформационнойбезопасности	1
vacancies_name	ведущийаналитикbi	1
vacancies_name	php-разработчик(middle)	1
vacancies_name	педагогдополнительногообразованияпромробоквантум	1
vacancies_name	инженер-программист1категории	1
vacancies_name	ведущийfrontendразработчик(онлайн-проекты)	1
vacancies_name	дизайнеринтерфейсов	1
vacancies_name	digitalмаркетолог(itкомпания)	1
vacancies_name	инженерповнедрениюинформационно-управляющихсистем	1
vacancies_name	тестировщиквеб-сервисовимобильныхприложений[13918]	1
vacancies_name	инженертехническойподдержки(сапр)	1
vacancies_name	ukrainianlanguagetranslator	1
vacancies_name	главныйспециалистотделатехнологическогосопровожденияабс	1
vacancies_name	менеджерпопродажамсознаниеманглийскогоязыка	1
vacancies_name	uiux-дизайнервсервисяндекс.шеф	1
vacancies_name	операторгтс	1
vacancies_name	3dartist	1
vacancies_name	специалистпопоискупозиций(поискплощадокподразмещениебазовыхстанций)	1
vacancies_name	ведущийспециалистподдержкисапр	1
vacancies_name	мастерпоремонтусмартфонов	1
vacancies_name	монтажниксистемсвязи	1
vacancies_name	мастерпообслуживаниюабонентов	1
vacancies_name	главныйспециалист	1
vacancies_name	специалистпотестированию(hustlecastle)	1
vacancies_name	торговыйпредставитель	1
vacancies_name	менеджерпообучениюпартнеров	1
vacancies_name	руководительотделапродаж(удаленно)	1
vacancies_name	руководительпроекта1с[id19321]	1
vacancies_name	супервайзертелемаркетологов(спутниковоетв)	1
vacancies_name	специалистпоподдержкерабочихмест	1
vacancies_name	projectmanagerменеджерit-проектов	1
vacancies_name	инженер-программист(javaразработка)	1
vacancies_name	специалистпоинформационнымсистемам	1
vacancies_name	инженер3категорииотделасистемавтоматизированногопроектирования	1
vacancies_name	ведущийинженер-проектировщикглавныйспециалистотделапроектированияавтодорог	1
vacancies_name	монтажник	1
vacancies_name	fullstacknode.jsразработчик	1
vacancies_name	ведущийразработчикразработчик1с	1
vacancies_name	customersupportspecialist(специалистслужбыподдержкипользователей)	1
vacancies_name	phpпрограммист(bitrix)	1
vacancies_name	teamlead(архитекторjs)	1
vacancies_name	инженер-программист(oracle,plsql)	1
vacancies_name	ведущийспециалистпоинформационнойбезопасности	1
vacancies_name	middlephpdeveloper	1
vacancies_name	руководительcall-центра	1
vacancies_name	специалистпопривлечениюклиентов	1
vacancies_name	middleqaинженертестировщик	1
vacancies_name	productowner(graphiteteam)	1
vacancies_name	руководительотделаинтернет-маркетинга	1
vacancies_name	middleseniorjavadeveloper(tinkoff+kassir.ru)	1
vacancies_name	motiondesigner(gamedev)	1
vacancies_name	разработчикс++qt	1
vacancies_name	ведущийинженерслужбыавтоматизации	1
vacancies_name	интернет-маркетологдиректолог	1
vacancies_name	инженер	1
vacancies_name	руководительпоаренде,легализацииинормативномуобеспечениюобъектовсвязи	1
vacancies_name	инженерпокачествупо(тестировщикпрограммногообеспечения)	1
vacancies_name	html-верстальщикfront-endразработчик	1
vacancies_name	seniorqaengineer(teamcity)	1
vacancies_name	bimкоординаторспециалистпоcivil3d	1
vacancies_name	juniorphp-программист(support)	1
vacancies_name	начальникучасткаавтоматизированныхсистемуправленияпроизводством	1
vacancies_name	businessrelationshipmanager(brm)	1
vacancies_name	frontend-разработчик(react,angular,vue)	1
vacancies_name	инженерпотестированию(qaautomationengineer)	1
vacancies_name	technicalsupportengineer(english)	1
vacancies_name	uiuxdesigner(.nettools)	1
vacancies_name	менеджерпопродажамонлайн-курсов	1
vacancies_name	режиссермонтажавидеоинженер	1
vacancies_name	главныйэкспертсопровожденияит-сервисов	1
vacancies_name	специалистпоработесклиентами	1
vacancies_name	менеджерпопродукту(productowner)управлениесайтомикорпоративнымпорталомбитрикс24	1
vacancies_name	младшийразработчик	1
vacancies_name	менеджерпоподборуперсонала	1
vacancies_name	менеджерпомаркетингу,рекламеиprинтернет-маркетолог	1
vacancies_name	специалистпотестированиюiosприложений	1
vacancies_name	специалистпотестированиювеб-приложений	1
vacancies_name	менеджеротделапоработесключевымиклиентами	1
vacancies_name	мобильныйразработчик(iosиилиandroid)	1
vacancies_name	seniorcc++developerстаршийразработчиксс++	1
vacancies_name	uiuxdesigner	1
vacancies_name	руководительинтернет-магазина	1
vacancies_name	solutionsdesignteamcoordinator	1
vacancies_name	начальникуправленияинформационныхтехнологий	1
vacancies_name	администраторoracledba	1
vacancies_name	руководительотделатехническойподдержки	1
vacancies_name	инженерасу	1
vacancies_name	rubyrubyonrailssoftwareengineer	1
vacancies_name	дизайнер(производстворекламныхконструкций)	1
vacancies_name	сервисныйинженеринженертехническойподдержки	1
vacancies_name	программистdelphi	1
vacancies_name	azuretechnicalevangelist	1
vacancies_name	frontendразработчик(angular)	1
vacancies_name	менеджерпоразвитиюпродаж(salesdevelopmentmanager)	1
vacancies_name	старшийjavaразработчик	1
vacancies_name	uiux-дизайнер(корпоративныйпортал)	1
vacancies_name	авторпосетямисистемамсвязи	1
vacancies_name	seniorqaengineer	1
vacancies_name	buildengineer	1
vacancies_name	devopsbuildengineer	1
vacancies_name	middleyiiyii2developerразработчикphpyii	1
vacancies_name	директорпопроизводствупо	1
vacancies_name	руководительпроектоввнедренияbitrix24	1
vacancies_name	монтажниклвс	1
vacancies_name	художник-дизайнер2d	1
vacancies_name	специалистпоинформационнойбезопасности	1
vacancies_name	инженерпотестированиюмобильныхприложенийбраузера	1
vacancies_name	publiccloudmanager	1
vacancies_name	веб-программист	1
vacancies_name	businessdevelopmentassistant	1
vacancies_name	серверныйспециалист	1
vacancies_name	инженер(техническийписатель)	1
vacancies_name	главныйинженерпонагрузочномутестированию	1
vacancies_name	projectdeliverymanager	1
vacancies_name	cioдиректорпоинформационнымтехнологиям	1
vacancies_name	дизайнерuxui	1
vacancies_name	seo-специалистконтент-менеджерадминистраторсайта	1
vacancies_name	программист-разработчикс#	1
vacancies_name	инженерпотестированию(middle)	1
vacancies_name	фронтенд-разработчик	1
vacancies_name	productowner(cloudcommunications-telephony)	1
vacancies_name	seniorfront-enddeveloper(angular)	1
vacancies_name	педагогдополнительногообразованияvrar-квантум	1
vacancies_name	руководительdigital-проекта	1
vacancies_name	инженер-разработчик	1
vacancies_name	middleseniorjavadeveloper(exchange)	1
vacancies_name	seo-специалистадминистраторсайта	1
vacancies_name	старшийпроектировщикпользовательскихинтерфейсов(senioruxdesigner)	1
vacancies_name	монтажникабонентскихлиний	1
vacancies_name	machinelearningspecialist	1
vacancies_name	руководительгруппыаналитикиbalead	1
vacancies_name	scaladeveloper(rcv)	1
vacancies_name	securityengineerpentester	1
vacancies_name	разработчикror	1
vacancies_name	директологтаргетолог	1
vacancies_name	insidesalesrepresentativewithfluentgermanlanguage	1
vacancies_name	userexperienceanalyst	1
vacancies_name	руководительгруппыоператоров(контактныйцентр)	1
vacancies_name	менеджерпопродажампо(it-компания)	1
vacancies_name	программистpython	1
vacancies_name	frontend-разработчик(react)	1
vacancies_name	младшийтестировщикjuniorqa	1
vacancies_name	useracquisitionmanager	1
vacancies_name	руководительотделаразработкипо(геоинформационныесистемы)	1
vacancies_name	руководительотделапоработесбукмекерами	1
vacancies_name	seniormanager(productoperations)	1
vacancies_name	backend-разработчик	1
vacancies_name	системныйаналитикbpm’online	1
vacancies_name	специалистпоразвитиюсистемынепрерывныхулучшений[id19661]	1
vacancies_name	тестировщикweb-приложений	1
vacancies_name	педагогдополнительногообразованиявпромдизайнквантуме	1
vacancies_name	инженер-разработчикрэа(импульсныеисточникипитания)	1
vacancies_name	сотрудниктехническойподдержки	1
vacancies_name	инженерпоподготовкепроизводства2категории(направлениеасутп)	1
vacancies_name	seo-оптимизатор	1
vacancies_name	frontenddeveloper(vuejs)	1
vacancies_name	системныйбизнесаналитик(мобильныйбанк)	1
vacancies_name	javascriptdeveloper	1
vacancies_name	datamigrationintegrationanalyst(integrationandmigrationbusinesspractice)	1
vacancies_name	php-developer	1
vacancies_name	инженертелекоммуникаций	1
vacancies_name	javadeveloper(командаstudyrunner)	1
vacancies_name	разработчикabap	1
vacancies_name	аналитик-математик(operationsresearchanalyst)	1
vacancies_name	seniorapexdeveloper	1
vacancies_name	techleadseniordatabasedeveloper(bi)	1
vacancies_name	преподавательпоробототехнике	1
vacancies_name	ведущийинженер-проектировщик	1
vacancies_name	системныйадминистраторофиснойинфраструктурыhelpdesk	1
vacancies_name	координаторпроектов	1
vacancies_name	продавец-консультант	1
vacancies_name	консультантповнедрениюmicrosoftdynamicsах	1
vacancies_name	специалистпообучениюинформационнымсистемам	1
vacancies_name	web-дизайнер	1
vacancies_name	seniorproductmanager	1
vacancies_name	главныйэкспертуправленияразвитияит	1
vacancies_name	руководительпроектапопоставкамвычислительнойтехники	1
vacancies_name	системныйадминистраторсистемныйинженер	1
vacancies_name	инженерпоэксплуатациификсированныхрадиосетей(высотныеработы)	1
vacancies_name	seosmmспециалистмаркетолог	1
vacancies_name	тестировщикпоqaинженер	1
vacancies_name	старшийспециалистпозакупкам	1
vacancies_name	менеджерпопродажамitпродуктов	1
vacancies_name	frontend-разработчик(reactstream)	1
vacancies_name	руководительнаправленияfrontendразработки	1
vacancies_name	руководительит-проектов	1
vacancies_name	специалиствслужбуподдержкимедиасервисовяндекса	1
vacancies_name	ведущийинженер-проектировщик(водоснабжение)	1
vacancies_name	контент-менеджербазыданныхit-интренет-магазина	1
vacancies_name	менеджерпопродажам(отделкаремонт)	1
vacancies_name	трафик-менеджерарбитражникmediabuyer	1
vacancies_name	главныйспециалистотделаавтоматизациипроизводственныхпроцессов	1
vacancies_name	deliverymanager(dihiot)	1
vacancies_name	seniorreactnativedeveloper	1
vacancies_name	менеджерпоработеспартнерами	1
vacancies_name	администратор-операторвклинику	1
vacancies_name	специалистгруппымониторинга(stream)	1
vacancies_name	mobileqaengineer	1
vacancies_name	менеджерпроектов	1
vacancies_name	бизнес-аналитикцфтibso	1
vacancies_name	руководительотделамаркетинга	1
vacancies_name	fullstackразработчик	1
vacancies_name	motiondesignerвидео-дизайнер(gamedev)	1
vacancies_name	программист-разработчик1с	1
vacancies_name	старшийинженерпотестированиюseniorsoftwaretester	1
vacancies_name	стратегнаправлениябизнес-анализа	1
vacancies_name	менеджерпокорпоративнымпродажам	1
vacancies_name	техник	1
vacancies_name	дизайнербаннермейкерhtml5	1
vacancies_name	руководительгруппымобильнойразработки	1
vacancies_name	"продавец-консультантвсалонсвязи""теле2""(м.электросила)"	1
vacancies_name	frontend-разработчикjavascript	1
vacancies_name	teamleadphp	1
vacancies_name	ведущийспециалистпопродажамвычислительнойтехники	1
vacancies_name	авторпоэлектронике	1
vacancies_name	разработчик1с	1
vacancies_name	веб-разработчик(стажер)	1
vacancies_name	ассистентмаркетолога-исследователяjuniormarketresearcher	1
vacancies_name	программист-разработчикpython	1
vacancies_name	qaengineercrm(salesforce)	1
vacancies_name	программист-стажер1с	1
vacancies_name	abapразработчик	1
vacancies_name	juniorproductmanagercustdev(remote)	1
vacancies_name	directorofproductmanagement,psvertical	1
vacancies_name	менеджерit-проектов(projectmanagerjunior)	1
vacancies_name	web-разработчик(php)	1
		
days	avg	9.330677290836654
days	max	30.0
days	min	0.0
 		
experience	between1And3	558
experience	between3And6	268
experience	noExperience	155
experience	moreThan6	23
  		
employment	full	958
employment	part	33
employment	probation	7
employment	project	6
   		
schedule	fullDay	812
schedule	flexible	85
schedule	remote	84
schedule	shift	18
schedule	flyInFlyOut	5
    		
skills	Преподаватель	1
skills	Обучение	1
skills	Публичные выступления	1
skills	Творческое мышление	3
skills	Работа с людьми	1
skills	Веб-программирование	4
skills	1С программирование	20
skills	Web-дизайн	10
skills	Разработка ПО	4
skills	Выявление потребностей в обучении	1
skills	Групповое обучение	1
skills	PHP	23
skills	CSS3	13
skills	JavaScript	52
skills	Python	32
skills	Unity	2
skills	Minecraft	1
skills	Scratch	1
skills	Дизайн-мышление	1
skills	HTML	36
skills	CSS	29
skills	Git	44
skills	MySQL	27
skills	Пользователь ПК	33
skills	Водительское удостоверение категории B	1
skills	Техническая эксплуатация	2
skills	Строительство	1
skills	Знание устройства автомобиля	1
skills	Ответственное хранение	1
skills	Проведение переговоров	2
skills	Активные продажи	27
skills	Подготовка коммерческих предложений	3
skills	B2B Продажи	20
skills	Продажи корпоративным клиентам	1
skills	B2C маркетинг	2
skills	Маркетинговые коммуникации	3
skills	Продвижение бренда	5
skills	Маркетинговые исследования	4
skills	Запуск региональных рекламных кампаний	1
skills	Грамотная речь	39
skills	Ведение переговоров	33
skills	Холодные продажи	9
skills	Телефонные переговоры	15
skills	Работа с большим объемом информации	8
skills	Social Media Marketing	3
skills	Internet Marketing	17
skills	Интернет-реклама	20
skills	Грамотность	17
skills	Социальные сети	5
skills	Ведение групп в социальных сетях	5
skills	Многозадачность	3
skills	Маркетинг	3
skills	Linux	43
skills	jQuery	14
skills	Less	4
skills	Sass	6
skills	Навыки продаж	16
skills	Деловая переписка	14
skills	Участие в Тендерах	3
skills	Тендеры	3
skills	Проведение тендеров	1
skills	Государственные закупки	3
skills	подготовка документов для участия в тендерах	2
skills	B2C продажи	5
skills	Испанский язык	2
skills	исходящие звонки	2
skills	Клиентоориентированность	7
skills	Оценка потребностей клиентов	1
skills	телефонные продажи	1
skills	Сопровождение клиентов	4
skills	Яндекс.Директ	13
skills	Google AdWords	11
skills	Яндекс.Метрика	16
skills	Google Analytics	21
skills	Веб-аналитика	8
skills	Yandex Direct	1
skills	Ответственность	2
skills	Монтаж инженерных систем	4
skills	Ремонт ПК	4
skills	Инициативность	1
skills	Работа в команде	39
skills	Ведение документации	1
skills	Заключение договоров	12
skills	Консультирование	3
skills	Английский язык	50
skills	SEO оптимизация	10
skills	SMM	10
skills	Копирайтинг	9
skills	Внешняя оптимизация сайта	3
skills	WEB аналитика	6
skills	Контекстная реклама	12
skills	Adobe Photoshop	24
skills	1С: Предприятие 8	15
skills	Организаторские навыки	13
skills	Навыки презентации	8
skills	1С: Медицина	1
skills	Agile Project Management	25
skills	Управление проектами	39
skills	Project management	10
skills	Поиск и привлечение клиентов	17
skills	Деловое общение	15
skills	Высокая скорость печати	3
skills	Написание текстов	10
skills	1С-Битрикс	6
skills	Internet	2
skills	Креативность	10
skills	Тестирование	16
skills	Функциональное тестирование	10
skills	Тестирование пользовательского интерфейса	9
skills	QA	19
skills	Составление семантического ядра	3
skills	Формирование технического задания для разработки	3
skills	Аудит поисковой видимости сайта	2
skills	внешний аудит сайта	3
skills	внутренний аудит сайта	1
skills	Информационные сайты	1
skills	Навигационные сайты	1
skills	работа с биржами	1
skills	Российские поисковые системы	1
skills	Создание систем перелинковок	1
skills	Транзакционные сайты	1
skills	регистрация сайта в каталогах	1
skills	Технический аудит сайта	1
skills	Внутренняя оптимизация сайта	1
skills	SEO	9
skills	HTML5	15
skills	CMS Wordpress	4
skills	Joomla CMS	3
skills	Adobe Illustrator	8
skills	Figma	2
skills	Sketch	3
skills	Наполнение контентом	10
skills	Литературное редактирование	1
skills	Корректура текстов	2
skills	Редактирование	3
skills	Рерайтинг	4
skills	Cognos TM1	1
skills	IBM Analytics	1
skills	MDX	1
skills	Oracle Hyperion	1
skills	SAP BPC	1
skills	Planning Analytics	1
skills	Бюджетирование	3
skills	Business Planning	1
skills	организация проектной деятельности, управление проектами;	5
skills	Настройка сетевых подключений	11
skills	Монтаж оборудования	6
skills	Техническое обслуживание	6
skills	Системы видеонаблюдения	5
skills	Java	45
skills	Elasticsearch	2
skills	Big Data	2
skills	Развитие продаж	19
skills	Обучение и развитие	11
skills	Обслуживание покупателей	2
skills	Документооборот	5
skills	Делопроизводство	2
skills	Отчетность	1
skills	Организация командировок	1
skills	Настройка ПК	9
skills	Администрирование	3
skills	Администрирование сетевого оборудования	8
skills	Настройка ПО	5
skills	Офисная техника	4
skills	SEO-копирайтинг	3
skills	CorelDRAW	5
skills	Наружная реклама	1
skills	SketchUp	1
skills	Дизайн полиграфии	2
skills	С#	1
skills	WPF	3
skills	MVVM	2
skills	Коммуникабельность	3
skills	Чувство юмора	1
skills	MS SQL	15
skills	VBA	1
skills	MS PowerPoint	8
skills	Управление персоналом	3
skills	Деловая коммуникация	17
skills	Внутренние коммуникации	1
skills	Организация встреч	2
skills	Организационное консультирование	1
skills	Коммуникативная стратегия	1
skills	Подбор персонала	3
skills	Массовый подбор персонала	1
skills	Прямой поиск	1
skills	Адаптация персонала	1
skills	Подбор производственного персонала	1
skills	C#	10
skills	.NET Framework	5
skills	MS Visual Studio	2
skills	.NET Core	2
skills	Windows Forms	1
skills	1С: Торговля	4
skills	Аналитика продаж	3
skills	Планирование продаж	5
skills	Прямые продажи	10
skills	работа с текущей базой клиентов	2
skills	Согласование договоров	2
skills	Информационные технологии	12
skills	Таргетинг	1
skills	Интернет маркетинг	3
skills	Техническая поддержка	8
skills	Windows 7	10
skills	Консультирование клиентов по телефону	5
skills	Helpdesk	6
skills	внимательность	1
skills	оперативность	1
skills	Тренинги	1
skills	Обучение персонала	5
skills	1С: Управление персоналом	1
skills	входящие звонки	2
skills	Работа с базами данных	7
skills	Управление продажами	8
skills	Анализ продаж	1
skills	Мотивация персонала	4
skills	1С медицина	1
skills	тестирование бизнес-процессов	1
skills	внедрение информационных систем	1
skills	сопровождение информационных систем	1
skills	аналитик информационных систем	1
skills	Ajax	3
skills	модернизация сети подключения клиентов	1
skills	CRM	13
skills	amoCRM	1
skills	Моделирование бизнес процессов	3
skills	Проведение презентаций	8
skills	Оптимизация бизнес-процессов	6
skills	1C: Бухгалтерия	4
skills	1С: Документооборот	20
skills	MS Access	4
skills	Администрирование серверов Windows	7
skills	Active Directory	6
skills	DHCP	2
skills	TCP/IP	11
skills	Обеспечение антивирусной защиты	1
skills	Мини-АТС	1
skills	Администрирование сайтов	3
skills	Закупки	2
skills	Сборка ПК	1
skills	Прокладка кабелей	1
skills	работа с электроинструментом	1
skills	работа с тестером	1
skills	работа с электроникой	1
skills	Холодные звонки	4
skills	Мобильность	4
skills	Работа с документами	1
skills	Опыт работы с номенклатурой товаров в 1С Битрикс, 1С Управление торговлей	1
skills	Управление интернет-проектами	11
skills	Продажи через интернет	2
skills	Аккуратность	1
skills	Умение работать коллективно	1
skills	Исполнительность	2
skills	Внимательность	1
skills	VMware	3
skills	Hyper-V	2
skills	Windows Server 2003	2
skills	Ms Exchange Server	1
skills	1С: Зарплата и управление персоналом	10
skills	1С: Бухгалтерия	8
skills	Поддержка пользователей	1
skills	Веб-дизайн	3
skills	Создание сайтов	2
skills	Дизайн интерфейсов	6
skills	Анимация	4
skills	Flash Animation	1
skills	Adobe After Effect	4
skills	Adobe Premier Pro	3
skills	Adobe Animate	1
skills	Видеомонтаж	3
skills	Web Design	2
skills	Design	1
skills	Video Production	1
skills	Баннерная реклама	2
skills	Графический дизайн	8
skills	Graphic Design	1
skills	Ключевые клиенты	1
skills	Развитие ключевых клиентов	2
skills	MS Outlook	4
skills	Написание статей	3
skills	Copyrighting	1
skills	Коммуникабльность	1
skills	AutoCAD	8
skills	Autodesk 3ds Max	2
skills	3D Моделирование	2
skills	Autodesk Revit	2
skills	Документальное сопровождение	2
skills	MS Internet Explorer	1
skills	git/gitlab	1
skills	UI-библиотеки	1
skills	принципы MVC	1
skills	1С: Управление Торговлей	11
skills	1С: Зарплата и кадры	1
skills	Программное обеспечение	1
skills	Статистический анализ	2
skills	Аналитические способности	1
skills	GPO	1
skills	Локальные сети	1
skills	Windows Xp	2
skills	художественное образование	1
skills	Дизайн	5
skills	Полиграфический дизайн	2
skills	Настройка ПК Английский язык Администрирование серверов Windows Администрирование сетевого оборудова	1
skills	Спортивные мероприятия	1
skills	Планирование	2
skills	Ведение отчетности	1
skills	Аналитическое мышление	8
skills	Регресионное тестирование	3
skills	Test case	6
skills	Проведение тестирований	5
skills	уверенное владение английским языком	1
skills	Анализ данных	4
skills	Product Promotion	2
skills	Управление интернет-ресурсами	1
skills	Навыки переговоров	3
skills	Анализ конкурентной среды	1
skills	Электрические системы и слаботочные системы	3
skills	Проектная документация	4
skills	MS Visio	6
skills	Умение работать в коллективе	1
skills	Умение работать в команде	1
skills	САПР	2
skills	ServiceDESK	1
skills	Компас-3D	1
skills	Cистемы управления базами данных	2
skills	Виртуализация	1
skills	CPA	3
skills	Facebook API	1
skills	Mobile Marketing	2
skills	Goods	1
skills	CPI	1
skills	Работа с дебиторской задолженностью	1
skills	AngularJS	13
skills	Ext JS	1
skills	ANT	2
skills	React	14
skills	npm	2
skills	rhino	1
skills	sencha	1
skills	Работа с оргтехникой	1
skills	MS Excel	4
skills	P-CAD	1
skills	Altium Designer	1
skills	CAM-350	1
skills	DraftSight	1
skills	Графические редакторы	2
skills	Графика	3
skills	Управление бюджетом	6
skills	Лидогенерация	6
skills	Автоматизация контекстных кампаний	3
skills	Аудит SMM	2
skills	Внешний аудит контекстной рекламы	2
skills	Маркетинговый анализ	7
skills	Инвестиционный консалтинг	1
skills	Консультативные продажи	1
skills	SQL	37
skills	БСП	1
skills	Работа с существующей базой клиентов	1
skills	Работа на выставках	1
skills	Управление отношениями с клиентами	4
skills	FirebirdSQL	1
skills	Laravel	3
skills	Vue	2
skills	Анализ трафика	2
skills	Планирование рекламных кампаний	1
skills	технические навыки	1
skills	Vue.js	3
skills	Электронный документооборот	3
skills	1С: Предприятие	1
skills	Information Security	2
skills	MS SQL Server	5
skills	PowerShell	3
skills	Business Development	3
skills	Sales Skills	3
skills	Sales Management	4
skills	Привлечение клиентов	1
skills	Django Framework	2
skills	Vuex	1
skills	Apache HTTP Server	2
skills	Разработка технических заданий	9
skills	Обновление конфигурации 1С	4
skills	Adobe InDesign	1
skills	UX	8
skills	UI	10
skills	B2B Marketing	2
skills	PHP5	2
skills	PostgreSQL	23
skills	Mercurial	1
skills	Работа с системами аналитики	1
skills	Работа с рекламными сетями	1
skills	Работа с контекстными площадками	1
skills	Работа с большим пулом запросов	1
skills	оптимизация рекламных кампаний	1
skills	Внутренний аудит контекстной рекламы	2
skills	Работа с тизерными сетями	1
skills	Ремаркетинг	1
skills	Atlassian Jira	22
skills	Android	13
skills	Selenium IDE	2
skills	SCALA	4
skills	Руководство коллективом	4
skills	1С: Управление Производственным Предприятием	5
skills	1С: Комплексная автоматизация	1
skills	ERP-системы на базе 1С	4
skills	PHP 7+	1
skills	Symfony	2
skills	Yii	1
skills	Kanban	1
skills	Scrum	15
skills	Управление командой	6
skills	Node.js	10
skills	TypeScript	4
skills	react	3
skills	ES9	1
skills	Docker	7
skills	Front-end	1
skills	Back-end	1
skills	Teamleading	2
skills	ReactJS	5
skills	Spring Framework	16
skills	STM32	1
skills	C	1
skills	C++	17
skills	C/C++	3
skills	Redis	5
skills	gRPC	1
skills	NATS	1
skills	Sidekiq	2
skills	GoLang	1
skills	Ruby	5
skills	elas	1
skills	Pandas	1
skills	SailsJS	1
skills	Redux	5
skills	Shell Scripting	1
skills	Jenkins	6
skills	Kubernetes	4
skills	CI/CD	1
skills	ClickHouse	2
skills	СУБД	2
skills	Memcached	1
skills	key-value	1
skills	ACID Pro	1
skills	ETL	1
skills	RabbitMQ	5
skills	Базы данных	4
skills	Нагрузочное тестирование	5
skills	Android SDK	5
skills	REST	9
skills	Rspec	1
skills	Capybara	2
skills	Ruby On Rails	3
skills	Elixir	1
skills	Angular	3
skills	Frontend	1
skills	jasmin	1
skills	karma	1
skills	mocha	1
skills	TDD	1
skills	Typescript	4
skills	Web Application Development	2
skills	Уверенный пользователь ПК	1
skills	Bug Tracking Systems	2
skills	MS Office	1
skills	Подготовка презентаций	4
skills	Организация презентаций	2
skills	Selenium	4
skills	Cucumber	2
skills	postman	1
skills	Spring	2
skills	Разработчик Java	1
skills	Банковское ПО	1
skills	Hibernate	1
skills	Spark	1
skills	Hive	1
skills	Kafka	3
skills	Data Warehouse	1
skills	E-Mail Marketing	2
skills	Email маркетинг	2
skills	Axure RP	1
skills	MS Project	9
skills	Управление рисками	2
skills	Аналитические исследования	6
skills	JS	2
skills	Go	1
skills	Работа с возражениями	1
skills	Системная интеграция	1
skills	Microsoft Team Foundation Server	1
skills	PR	3
skills	Работа со СМИ	2
skills	Медиапланирование	1
skills	Написание пресс-релизов	1
skills	Atlassian Confluence	4
skills	Системный анализ	7
skills	Бизнес-анализ	13
skills	Product Development	2
skills	Product Marketing	5
skills	Product Management	6
skills	Разработка стратегии продвижения продуктов	2
skills	E-Learning	1
skills	Разработка продукта	1
skills	MFC	1
skills	ООП	14
skills	Windows API	1
skills	OpenGL	1
skills	Информационная безопасность	7
skills	Automation	1
skills	Testing Framework	1
skills	Unit Testing	3
skills	API	3
skills	Eclipse	1
skills	Jira	1
skills	JUnit	3
skills	MATLAB	2
skills	Корпоративные продажи	1
skills	Проектные продажи	1
skills	Borland C++	1
skills	erWin	1
skills	MS Visual C++	2
skills	Mathematical Statistics	1
skills	R	3
skills	iOS	7
skills	Intellij IDEA	2
skills	Xcode	1
skills	TeamCity	4
skills	Android studio	1
skills	Ценообразование	1
skills	Маркетинговое планирование	2
skills	Планирование маркетинговых кампаний	1
skills	Редактирование текстов	1
skills	Коммуникативные навыки	3
skills	B2B маркетинг	1
skills	Организация мероприятий	5
skills	ActionCable	1
skills	UML	5
skills	BPMN	3
skills	ГОСТы	1
skills	EPC	1
skills	IDEF	1
skills	Товароведение	1
skills	Spring Data	1
skills	JPA	1
skills	ORACLE	4
skills	Windows 8	1
skills	Системный подход	1
skills	Opera	1
skills	MS Publisher	1
skills	AXAPTA	2
skills	Media Buying	2
skills	ROI	1
skills	Операционное управление	1
skills	Управление контактным центром	1
skills	Стратегическое планирование	4
skills	Delphi	2
skills	Oracle Pl/SQL	5
skills	Проектирование пользовательских интерфейсов	3
skills	Администрирование процесса обучения	1
skills	Разработка инструкций	1
skills	Закупка рекламных материалов	1
skills	Google Docs	1
skills	Игры	1
skills	Gamedev	1
skills	1C: Зарплата и кадры	1
skills	Проектный менеджмент	3
skills	Autodesk Maya	2
skills	ZBrush	2
skills	Substance Painter	1
skills	Bootstrap	2
skills	DOMObject	1
skills	Лендинги	1
skills	Team lead	1
skills	Boost	2
skills	Управление продуктом	4
skills	Разработка нового продукта	4
skills	Запуск новых продуктов	2
skills	Rockwell Automation	1
skills	Siemens	2
skills	Schneider Electric	1
skills	Yokogawa Electric	1
skills	Honeywell	2
skills	Знание систем автоматизации	1
skills	Qt	1
skills	Административная поддержка руководителя	1
skills	Протоколирование	1
skills	исполнение поручений руководителя	1
skills	Управленческие навыки	2
skills	МЭК 61131-3	1
skills	Microsoft Vizio	1
skills	Разработка программного обеспечения контроллеров	1
skills	Quality Assurance	2
skills	GitLab	2
skills	Е2Е	1
skills	тестирование API	1
skills	web-тестирование	1
skills	Китайский язык	1
skills	Постановка задач разработчикам	7
skills	Бережливое производство	1
skills	Реинжиниринг бизнес-процессов	2
skills	Управление бизнес процессами	1
skills	Lean Production	1
skills	ITSM	4
skills	ITIL	4
skills	SAP	3
skills	OpenCV	1
skills	Machine Learning	2
skills	Deep Learning	1
skills	YOLO	1
skills	Tensorflow	1
skills	Java SE	6
skills	HTTP	3
skills	Управление временем	1
skills	сетевой маркетинг	1
skills	Cоциальный маркетинг	1
skills	построение команды	1
skills	Negotiation skills	2
skills	Analytical skills	2
skills	Разработка проектной документации	4
skills	Администрирование серверов Linux	6
skills	Redmine	1
skills	FreeRTOS	1
skills	Performance testing	2
skills	Entity Framework	1
skills	ADO.NET	2
skills	Transact-SQL	2
skills	MVVP	1
skills	TFS	3
skills	MongoDB	8
skills	Nginx	6
skills	авито	1
skills	SMS маркетинг	1
skills	Разработка маркетинговой стратегии	1
skills	1С	1
skills	1С: Управление холдингом	1
skills	1С: ERP	1
skills	Онлайн маркетинг	1
skills	Работа с сайтом	1
skills	SAP Project	1
skills	SAP BI	1
skills	Data Analysis	3
skills	Составление бизнес-плана	1
skills	ABAP	3
skills	Call-center	1
skills	PMBOK	3
skills	Time management	1
skills	Business English	3
skills	Закупка товаров и услуг	2
skills	Организация деловых поездок	2
skills	Business Analysis	1
skills	Business intelligence	1
skills	JS (ES5)	1
skills	RxJs	1
skills	NGRX	1
skills	Настройка серверов	1
skills	Антивирусная защита сети	1
skills	Windows Server 2008 R2	1
skills	VPN	1
skills	защита персональных данных	1
skills	Настройка DNS	3
skills	Cisco	1
skills	Администрирование серверов	3
skills	FreeBSD	1
skills	Финансовое планирование	1
skills	Стратегическое мышление	1
skills	Swarm	1
skills	Ansible	2
skills	Chef	1
skills	Zabbix	3
skills	Prometheus	1
skills	Управление производством	1
skills	Формирование бюджета	1
skills	Бизнес-планирование	2
skills	Adobe Audition	1
skills	WWise	1
skills	foley	1
skills	DAW Reaper	1
skills	Fmod Studio	1
skills	AWS	6
skills	GCP	1
skills	Cost Management	1
skills	Cloud	1
skills	Google API	1
skills	SPA	2
skills	Поисковая оптимизация сайтов	2
skills	Продвижение сайтов	2
skills	2D Artist	1
skills	CG	1
skills	Game Art	1
skills	Principle	1
skills	Zeplin	1
skills	InVision	1
skills	инженер по развертыванию	1
skills	ГОСТ	1
skills	Интервьюирование	1
skills	Техническая документация	1
skills	Compass 3D	1
skills	ЕСКД	1
skills	ЕСПД	1
skills	GitHub	1
skills	WebSocket	1
skills	JSON API	2
skills	Oracle 11G	1
skills	OSS	1
skills	Техноград	1
skills	Аргус	1
skills	База данных: Oracle	1
skills	Airflow	1
skills	DWH	1
skills	vertica	1
skills	kafka	1
skills	aerospike	1
skills	AWS stack	1
skills	Java Servlets	3
skills	JSP	2
skills	E-Commerce	1
skills	Web-проекты	1
skills	Usability	1
skills	1С ЗУП	1
skills	Ориентация на результат	2
skills	Ведение переписки	2
skills	Анализ рынка	2
skills	XML	3
skills	SOAP	3
skills	Kotlin	5
skills	Solution Product Management	1
skills	Strategic Management	1
skills	verticals	1
skills	Product vision	1
skills	Регресcионное тестирование	1
skills	Regression Analysis	1
skills	test documentation	1
skills	testing	1
skills	Compatibility Testing	1
skills	integration testing	1
skills	Web testing	1
skills	Mobile testing	1
skills	Mindsphere	1
skills	Тайм-менеджмент	1
skills	ASP.NET	2
skills	Apache Maven	5
skills	Apache Tomcat	4
skills	SQLite	1
skills	JMM	1
skills	vue.js	1
skills	vue-router	1
skills	vuex	1
skills	1C ERP	1
skills	банковское по	1
skills	Опыт работы в проектах	1
skills	описание бизнес-процессов	1
skills	Вентиляция и кондиционирование	1
skills	Системы теплоснабжения	1
skills	АСУ ТП	2
skills	Инженерные системы	2
skills	Энергетика	1
skills	1С: CRM ПРОФ	1
skills	ручное тестирование	1
skills	Внедрение систем информационной безопасности	2
skills	Тестирование мобильных приложений	1
skills	XCUITest	1
skills	Swift	1
skills	Objective-C	2
skills	Webpack	1
skills	highload	1
skills	elasticsearch	1
skills	vagrant	1
skills	chef	1
skills	Apache	1
skills	Amazon S3	1
skills	cloud	1
skills	devops	1
skills	packer	1
skills	terraform	1
skills	kubernetes	1
skills	ansible	1
skills	Auto Scaling	1
skills	Elastic Load Balance	1
skills	Bash	6
skills	Puppet	1
skills	Bamboo	3
skills	SRE	1
skills	Devops	1
skills	Grafana	1
skills	ELK	2
skills	SAP ERP	1
skills	Поиск объектов	1
skills	Битрикс24	2
skills	Bitrix24	2
skills	SCAD	1
skills	Проектирование	2
skills	Менеджмент	1
skills	Умение рисовать от руки	1
skills	Знание анатомии	1
skills	Push рассылки	1
skills	дизайн уровней	1
skills	level design	1
skills	разработка игр	1
skills	MVC	4
skills	Tableau	1
skills	Power BI	1
skills	Test Automation	1
skills	SVN	1
skills	Borland Delphi	1
skills	компьютерное зрение	1
skills	машинное зрение	1
skills	Computer Visio	1
skills	golang	1
skills	Медиабаинг	1
skills	SAP FI-FM	1
skills	SAP SL	1
skills	Marketing	1
skills	SLES	1
skills	RHEL	1
skills	*nix	1
skills	Unix	2
skills	Debian	1
skills	CentOS	2
skills	1С: Управление предприятием	2
skills	ERP Systems	1
skills	Spring boot	1
skills	Apache Kafka	1
skills	OpenShift	1
skills	Istio	1
skills	Eureka	1
skills	Zipkin	1
skills	SharePoint Server	1
skills	MS Exchange	1
skills	3d слои	1
skills	Partical World	1
skills	Контроль качества	1
skills	UniCut	1
skills	Корейский язык	1
skills	Product Owner	1
skills	Billing	1
skills	WCF	1
skills	3D-графика	1
skills	Presentation skills	2
skills	apache cordova	1
skills	MS Dos	1
skills	поддержка пользователей	1
skills	STL	4
skills	Сетевые технологии	1
skills	Работа с претензиями	1
skills	ServiceDesk	1
skills	Customer Support	1
skills	ARIS	1
skills	Бизнес-моделирование	1
skills	Research	1
skills	Executive Search	1
skills	Boolean Search	1
skills	Emerson	1
skills	Yokogawa	1
skills	Автоматизация производства	1
skills	Рисунок	1
skills	REST API	1
skills	Websockets	1
skills	Reactive Streams	1
skills	CQRS	1
skills	RocksDB	1
skills	Cats	1
skills	MS Dynamics AX	3
skills	Microsoft Dynamics AX	2
skills	swift	1
skills	React.js	1
skills	PostreSQL	1
skills	Производство строительно-монтажных работ	1
skills	XML/Xslt	1
skills	Java EE	4
skills	server side	1
skills	Servicemix	1
skills	Fuse	1
skills	WSO2	1
skills	Digital Marketing	1
skills	SMO	1
skills	User Acquisition	1
skills	Hibernate ORM	1
skills	MS Axapta	2
skills	ERP	1
skills	Solr	1
skills	Customer Relationship Management	1
skills	Software Development	1
skills	Microservice Architecture	1
skills	Highload	1
skills	Databases	1
skills	Средства криптографической защиты информации	1
skills	Технические средства информационной защиты	2
skills	Networking	1
skills	REST API testing	1
skills	English	1
skills	SoapUI	1
skills	Mobile	1
skills	Web	1
skills	AWS SDK	1
skills	RDS	1
skills	онлайн-трансляции	1
skills	контроллер домена	1
skills	release engineer	1
skills	build engineer	1
skills	Gradle	1
skills	Bitbucket	1
skills	B2G продажи	1
skills	Написание сценариев	1
skills	Художник	1
skills	Разработка концепции	1
skills	Гибкость	1
skills	VueJS	2
skills	Стратегический маркетинг	1
skills	Leadership Skills	1
skills	Обработка видео	1
skills	Adobe Premier	1
skills	Видеосъемка	1
skills	Монтаж звука	1
skills	IT Recruitment	1
skills	Рекрутмент	1
skills	Java Script	1
skills	руководство проектами	1
skills	Договорная работа	1
skills	Навыки межличностного общения	1
skills	Материальная ответственность	1
skills	разработка 1С	1
skills	доработка 1С	1
skills	платформа 1С	1
skills	планы обмена	1
skills	язык запросов	1
skills	web-сервисы	1
skills	доработка конфигураций	1
skills	нетиповая 1С	1
skills	управляемые формы	1
skills	Автоматизация	1
skills	Terraform	1
skills	MS Windows	1
skills	Group policy	1
skills	WinRM	1
skills	Packer	1
skills	Sonarqube	1
skills	Коучинг	1
skills	Прием и распределение телефонных звонков	1
skills	Первичные документы	1
skills	Оценка рисков	1
skills	spring	1
skills	docker	1
skills	java 8	1
skills	fullstack	1
skills	backend	1
skills	1С: Розница	1
skills	WF	1
skills	SAP UI5	1
skills	SAP Fiori	1
skills	аналитика продукта	1
skills	руководство командой разработчиков	1
skills	Автоматизация процессов	1
skills	IDEF0	1
skills	Системное мышление	1
skills	Системы безопасности	1
skills	проектирование СКУД	1
skills	Microsoft Windows	1
skills	ЦФТ - Банк	1
skills	ИБСО	1
skills	three.js	1
skills	Babylon.js	1
skills	kunb	1
skills	kanban	1
skills	webpack	2
skills	yarn	1
skills	ES6+	1
skills	Gulp	2
skills	postcss	1
skills	react js	1
skills	vue js	1
skills	Adobe Acrobat	1
skills	Sony Vegas	1
skills	Капитальный ремонт	1
skills	Системы охранно-тревожной сигнализации	1
skills	Ремонтные работы	1
skills	Сопровождение строительства	1
skills	Исходно-разрешительная документация	1
skills	Бумажный документооборот	1
skills	Передача документации на исполнение	1
skills	LAN	1
skills	Windows Os	1
skills	Windows Vista	1
skills	Средства криптографической защиты информации	1
skills	Внутренний аудит информационных систем	1
skills	Внешний аудит информационных систем	1
skills	эксплуатация систем информационной безопасности	1
skills	OMNITRACKER	1
skills	Наставничество	1
skills	переговоры с первыми лицами компаний	1
     		
